{
    "balancing": {
        "bonds_and_notes": 3200.0,
        "commodities": 2400.0,
        "realEstate": 2400.0,
        "stocks": 1600.0
    },
    "future_points": {
        "ind_graphs": {
            "ivov": [
                4000.0,
                4802.955703026854,
                4001.5114709851546,
                3996.546514137708,
                4027.8677900194425,
                3993.9930276213463,
                3946.715367674706,
                4079.917251891774,
                4024.551665243381,
                3928.9162378653655,
                3968.675739900627,
                4119.753960045724,
                4051.582897309867,
                3962.014088181581,
                3895.485434335985,
                3959.7555038675823,
                4142.7244412873615,
                3851.429777355703,
                4152.767123287672,
                3821.607642370824,
                4145.6192685891065,
                4014.9245775811523,
                4074.133078434497,
                4140.563086548487,
                3688.929183036164,
                4169.743309666849
            ],
            "vea": [
                6000.0,
                6657.034091789254,
                5962.988348183687,
                6075.862068965516,
                6020.431328036323,
                6057.013574660633,
                5924.697445091888,
                5957.784838856105,
                6068.571428571428,
                5994.576271186441,
                6057.000678579508,
                6010.75509746807,
                5985.238201744576,
                6008.071748878922,
                5875.055978504254,
                6230.505373885204,
                5653.820744329443,
                6057.490067772845,
                6151.388888888888,
                5953.939941296005,
                6132.423208191126,
                5838.379341050757,
                6109.814687714482,
                6059.312514041789,
                5878.53170189099,
                5878.746594005449
            ],
            "vgit": [
                4000.0,
                4177.034370961133,
                3997.330218588353,
                4003.3394556687253,
                3997.997997997998,
                4008.012018027041,
                3986.673330001666,
                4013.3712184522815,
                3988.0059970014995,
                4016.7084377610695,
                3976.03993344426,
                3998.660863742886,
                4021.4333556597453,
                3998.6675549633583,
                3986.6711096301233,
                4007.355399531929,
                4020.690805940264,
                3984.72775564409,
                3991.3347775370776,
                4010.0200400801605,
                3978.6773280026655,
                4006.699045386033,
                4028.7577328205984,
                3994.6879150066397,
                4006.648936170213,
                3970.1294390972457
            ],
            "vglt": [
                8000.0,
                8670.437244730718,
                7943.074003795065,
                8119.764293677336,
                7893.299858779225,
                7983.460559796437,
                8091.792828685259,
                8079.407594138964,
                7917.628705148206,
                7953.341740226986,
                8005.073727604248,
                8060.846141657424,
                7856.581223462808,
                8039.711769415533,
                7970.6819630337795,
                8047.337278106509,
                8125.914149443562,
                7891.062764125842,
                7998.730561726436,
                7980.955403904143,
                7829.462297168311,
                8154.746423927178,
                8076.542816137778,
                8131.416837782339,
                7855.788655788656,
                8072.1633169805355
            ],
            "viov": [
                4000.0,
                4844.355894740916,
                4002.8741531513033,
                3952.8156734024005,
                4015.1546605771227,
                4009.5134687968566,
                4033.218135864239,
                3965.8277061591984,
                3944.6880965894434,
                4087.8982891225874,
                3907.848256796191,
                3979.8773777707906,
                4100.279138357823,
                3984.9971741252634,
                4093.6565239814336,
                3891.755694416448,
                4085.3576423058994,
                3866.118971550282,
                4179.232908337269,
                3729.4229900065284,
                4237.207799202844,
                3885.696852595719,
                4207.903690133472,
                3895.312966464325,
                3899.8569384835478,
                4014.2542710407715
            ],
            "vnq": [
                2000.0,
                2453.8328559122665,
                1975.4466513624113,
                2042.4413904607923,
                2005.937067088858,
                1974.348855564325,
                1967.0197881271235,
                2039.8333502692817,
                1962.5386071535318,
                2042.8469895420856,
                2004.3737574552686,
                1890.4979170799445,
                2104.931794333683,
                2080.159521435693,
                1920.6288343558285,
                2006.9874226392494,
                1989.0579926390133,
                1982.9965993198637,
                1965.2980934126904,
                2154.398932347808,
                1771.4666920804345,
                1993.7594146761353,
                2092.8224500809497,
                1934.1928829293452,
                2247.4402730375423,
                1853.4548215641612
            ],
            "voo": [
                6000.0,
                7458.09943142458,
                6039.640813288048,
                6025.37554887913,
                5983.01613237291,
                5948.903761827833,
                6028.351295360909,
                6051.709758131777,
                5975.606394707827,
                5880.301667473881,
                6040.523368004895,
                6174.75047334097,
                5777.1821836600275,
                6102.189092281562,
                6076.262930834532,
                5810.223993403875,
                6227.194248007379,
                6004.238639989061,
                5905.312777537403,
                6007.77417862101,
                6001.525094740734,
                6144.1541340356225,
                5858.280506237734,
                5694.45471349353,
                6292.579608530529,
                5828.408273172543
            ]
        },
        "total_graph": [
            40000.0,
            45869.50520963361,
            39922.86565935402,
            40220.37327500134,
            40016.94427149159,
            39951.59034978241,
            40013.392521422786,
            40165.62949567715,
            39742.18568995435,
            39876.04538960087,
            40134.48766063777,
            40098.58818503057,
            39918.61662722815,
            40386.08800350877,
            39863.74133335816,
            39858.552818439355,
            40089.70695519427,
            39879.656238476775,
            40111.82469356897,
            39538.7444246947,
            40239.929295515096,
            40502.83937386435,
            39867.31301194286,
            40140.99112242702,
            39883.65454745811,
            39505.801479485555
        ]
    },
    "risk": {
        "moderate": 0.026584279145694695
    }
}