{"ivov": 
{
"5":{"bottom_ten": 90.51834492468645, "mean_price": 180.96, "top_ten": 294.5184801968446},
"10":{"bottom_ten": 60.430869471017374, "mean_price": 179.51, "top_ten": 325.60138366997336},
"15":{"bottom_ten": 47.75034651885129, "mean_price": 183.67, "top_ten": 370.3038522563585},
"20":{"bottom_ten": 34.79863200125216, "mean_price": 178.25, "top_ten": 383.991784933749},
"25":{"bottom_ten": 27.85637735184648, "mean_price": 180.5, "top_ten": 415.9381736775776}
},
"schp": 
{
"5":{"bottom_ten": 45.453615753824984, "mean_price": 53.88, "top_ten": 62.89345156853097},
"10":{"bottom_ten": 41.97896336502489, "mean_price": 53.73, "top_ten": 66.55843104809958},
"15":{"bottom_ten": 39.39832262530379, "mean_price": 53.71, "top_ten": 69.6307692775298},
"20":{"bottom_ten": 37.30086457090131, "mean_price": 53.62, "top_ten": 71.90473384441505},
"25":{"bottom_ten": 35.92070946345434, "mean_price": 54.08, "top_ten": 74.39649942950244}
},
"sgol": 
{
"5":{"bottom_ten": 10.615082970663133, "mean_price": 17.53, "top_ten": 25.764949339719053},
"10":{"bottom_ten": 8.268596325540146, "mean_price": 17.53, "top_ten": 29.119673591200613},
"15":{"bottom_ten": 6.833768938790114, "mean_price": 17.58, "top_ten": 32.15038215438928},
"20":{"bottom_ten": 5.489190980905229, "mean_price": 17.48, "top_ten": 34.097470038880765},
"25":{"bottom_ten": 4.693903191106852, "mean_price": 17.12, "top_ten": 33.58456095296154}
},
"vea": 
{
"5":{"bottom_ten": 19.777257068616155, "mean_price": 43.82, "top_ten": 75.93627016132712},
"10":{"bottom_ten": 13.316902264894003, "mean_price": 43.26, "top_ten": 84.5915817449263},
"15":{"bottom_ten": 9.607113784318082, "mean_price": 45.56, "top_ten": 97.17775817540284},
"20":{"bottom_ten": 6.714704470698515, "mean_price": 43.8, "top_ten": 98.83087568730163},
"25":{"bottom_ten": 5.491730719828868, "mean_price": 44.62, "top_ten": 99.61108586748954}
},
"vgit": 
{
"5":{"bottom_ten": 52.78204322921661, "mean_price": 59.58, "top_ten": 66.94917339710352},
"10":{"bottom_ten": 50.14095529529572, "mean_price": 59.76, "top_ten": 70.06082248887975},
"15":{"bottom_ten": 48.20697484488225, "mean_price": 59.74, "top_ten": 72.26182847143485},
"20":{"bottom_ten": 46.17529647470172, "mean_price": 59.13, "top_ten": 73.11826285302388},
"25":{"bottom_ten": 44.56100496688835, "mean_price": 59.52, "top_ten": 76.72037951907289}
},
"vglt": 
{
"5":{"bottom_ten": 40.615837888970006, "mean_price": 62.82, "top_ten": 88.42872466758956},
"10":{"bottom_ten": 33.13962124169763, "mean_price": 62.79, "top_ten": 100.21559889964838},
"15":{"bottom_ten": 29.45134288824526, "mean_price": 63.19, "top_ten": 106.12365236127764},
"20":{"bottom_ten": 24.47942847460696, "mean_price": 63.55, "top_ten": 114.59863728611872},
"25":{"bottom_ten": 20.912014313780528, "mean_price": 63.34, "top_ten": 117.55113986689877}
},
"vgsh": 
{
"5":{"bottom_ten": 56.307079204871414, "mean_price": 58.26, "top_ten": 60.2240916776639},
"10":{"bottom_ten": 55.52884155041884, "mean_price": 58.27, "top_ten": 61.04530515083373},
"15":{"bottom_ten": 54.88832830101186, "mean_price": 58.24, "top_ten": 61.62198897953689},
"20":{"bottom_ten": 54.26157045924819, "mean_price": 58.24, "top_ten": 62.302846332193425},
"25":{"bottom_ten": 53.94694380430452, "mean_price": 58.22, "top_ten": 62.461781564259226}
},
"viov": 
{
"5":{"bottom_ten": 88.8560145360757, "mean_price": 187.49, "top_ten": 314.72248372459296},
"10":{"bottom_ten": 59.57476577521421, "mean_price": 190.69, "top_ten": 380.0792707853884},
"15":{"bottom_ten": 43.442221993707136, "mean_price": 191.63, "top_ten": 405.49107315352086},
"20":{"bottom_ten": 33.12461810481379, "mean_price": 183.69, "top_ten": 390.6713656233787},
"25":{"bottom_ten": 24.713390707562606, "mean_price": 192.56, "top_ten": 423.74138839349797}
},
"vnq": 
{
"5":{"bottom_ten": 31.196969407547495, "mean_price": 91.07, "top_ten": 168.25630455264752},
"10":{"bottom_ten": 16.69821593480201, "mean_price": 95.1, "top_ten": 204.29236140076281},
"15":{"bottom_ten": 10.842947006484705, "mean_price": 93.74, "top_ten": 216.65726301929269},
"20":{"bottom_ten": 6.680053792957272, "mean_price": 98.49, "top_ten": 221.2697476944607},
"25":{"bottom_ten": 4.299823322365016, "mean_price": 91.51, "top_ten": 206.15396217270194}
},
"voo": 
{
"5":{"bottom_ten": 236.7295235670011, "mean_price": 421.27, "top_ten": 646.132937990505},
"10":{"bottom_ten": 174.67857599504958, "mean_price": 412.49, "top_ten": 729.6711999531121},
"15":{"bottom_ten": 139.88982216902858, "mean_price": 419.35, "top_ten": 795.0278332307255},
"20":{"bottom_ten": 108.48540146754391, "mean_price": 406.74, "top_ten": 795.7070280865837},
"25":{"bottom_ten": 97.78818192060486, "mean_price": 416.91, "top_ten": 852.9049728614891}
},
"vt": 
{
"5":{"bottom_ten": 44.166759557295265, "mean_price": 93.7, "top_ten": 156.4293472193271},
"10":{"bottom_ten": 31.315393943196742, "mean_price": 98.2, "top_ten": 193.8872719726545},
"15":{"bottom_ten": 21.635460516990047, "mean_price": 92.9, "top_ten": 199.42993486778417},
"20":{"bottom_ten": 16.445131301012726, "mean_price": 95.29, "top_ten": 205.42168646197516},
"25":{"bottom_ten": 13.221749495496855, "mean_price": 94.38, "top_ten": 207.8525132734921}
},
"vti": 
{
"5":{"bottom_ten": 111.00045430857296, "mean_price": 215.72, "top_ten": 345.37470056197094},
"10":{"bottom_ten": 78.65834662254703, "mean_price": 211.68, "top_ten": 384.7610042455267},
"15":{"bottom_ten": 61.981414963155494, "mean_price": 217.58, "top_ten": 436.1540644780362},
"20":{"bottom_ten": 48.302190974815936, "mean_price": 222.72, "top_ten": 456.0493539998522},
"25":{"bottom_ten": 39.13826576696215, "mean_price": 217.15, "top_ten": 466.1966290506609}
},
"vtip": 
{
"5":{"bottom_ten": 44.94690581230607, "mean_price": 48.54, "top_ten": 52.293200415884534},
"10":{"bottom_ten": 43.419728694593935, "mean_price": 48.46, "top_ten": 53.62971761690156},
"15":{"bottom_ten": 42.51224603600947, "mean_price": 48.49, "top_ten": 54.80112011155876},
"20":{"bottom_ten": 41.48821157612357, "mean_price": 48.49, "top_ten": 55.815965036390445},
"25":{"bottom_ten": 40.59456025614859, "mean_price": 48.57, "top_ten": 56.9880585747123}
},
"vwo": 
{
"5":{"bottom_ten": 15.551837977141926, "mean_price": 40.67, "top_ten": 73.53791214696663},
"10":{"bottom_ten": 8.793758836630252, "mean_price": 39.47, "top_ten": 85.0444715830698},
"15":{"bottom_ten": 6.097813336793059, "mean_price": 41.77, "top_ten": 92.66385016347131},
"20":{"bottom_ten": 3.8476015952799627, "mean_price": 42.75, "top_ten": 93.77501698249596},
"25":{"bottom_ten": 2.6861627896913625, "mean_price": 38.27, "top_ten": 87.88134479673029}
}
}